"uri","url","date","time","source.uri","source.title","lang","title","body"
"6491602744","https://venturebeat.com/2021/03/25/what-is-a-nosql-database/","2021-03-25","15:42:00","venturebeat.com","VentureBeat","eng","What is a NoSQL database?","Join Transform 2021 for the most important themes in enterprise AI & Data. Learn more. The NoSQL database gets its name from what it isn't: a database that does not use Structured Query Language (SQL) to access the data. Some of the well-known databases, such as Oracle and PostgreSQL, are SQL ..."
"6507248793","https://dzone.com/articles/framewars-part-1","2021-04-05","22:12:00","dzone.com","DZone","eng","NoSQL, the Cloud, and Java: Part 1: The NoSQL Approaches - DZone Java","Non-relational databases or NoSQL are increasingly present in solutions in more conservative areas such as financial sectors and health, among others. With the popularization of this solution, the question arises of how to integrate these banks with Java. This post will aim to buy and analyze ..."
"6491756816","https://www.newswinters.com/uncategorized/52235/nosql-market-2021-in-depth-detailed-survey-and-outlook-report-2021-2025/","2021-03-25","17:34:00","newswinters.com","newswinters.com","eng","NoSQL Market 2021 | In-depth, Detailed Survey and Outlook Report 2021-2025","Development Trends In Global NoSQL Market Forecast 2021-2027: Growth Drivers, Regional Outlook ,Progress Factors, Outlook Developments, Analysis and Projections 2027 The nosqll Report outline the important details which are based on key regions, revenue, future summary ,top key players, type, ..."
"6525441232","https://www.makeuseof.com/crud-operations-mongodb/","2021-04-18","17:20:00","makeuseof.com","MakeUseOf","eng","How to Perform CRUD Operations in MongoDB","Getting to know MongoDB is tricky. Hit the ground running with CRUD. MongoDB provides its users with the ability to create modern databases that are easily accessed and manipulated. MongoDB is a NoSQL open-source database that is available for use on all operating systems. If you learned database ..."
"6501241418","https://jaxenter.com/nosql-vs-sql-174024.html","2021-04-01","6:28:00","jaxenter.com","JAXenter.com","eng","NoSQL vs SQL - JAXenter","Individual databases have different strengths and weaknesses, and two important broad database categories are ""relational"" (SQL) and ""non-relational"" (NoSQL/Not-Only-SQL). The two frameworks are increasingly crossing over with each other but the two principally model data differently -- offering ..."
"6499113860","https://www.newswinters.com/uncategorized/92062/nosql-market-to-enjoy-explosive-growth-by-2025-google-mapr-technologies-couchbase/","2021-03-30","20:59:00","newswinters.com","newswinters.com","eng","NoSQL Market to Enjoy 'Explosive Growth' by 2025 &#124; Google, MapR Technologies, Couchbase","The Global NoSQL Market to witnessed good recovery in growth post first half of 2020 and is projected coverup market sizing during the forecast period (2021-2026). The assessment provides a 360¬∞ view and insights - outlining the key outcomes of the NoSQL market, current scenario analysis that ..."
"6494261532","https://amarketforecast.com/2021/03/27/nosql-market-development-analysis-2016-2030/","2021-03-27","10:38:00","amarketforecast.com","amarketforecast.com","eng","NoSQL  Market Development Analysis 2016-2030","Not only standardized query language (NoSQL) is a database mechanism developed for analysis, storage, and access to a massive volume of unstructured data. It enables schema-less data storage, unlike relational database storage. High scalability and precise control of NoSQL, along with simpler ..."
"6526681522","https://www.marketscreener.com//news/latest/Crate-io-Receives-2021-IoT-Evolution-Industrial-IoT-Product-of-the-Year-Award--33004683/","2021-04-19","15:08:00","marketscreener.com","Market Screener","eng","Crate.io Receives 2021 IoT Evolution Industrial IoT Product of the Year Award","SAN FRANCISCO, April 19, 2021 (GLOBE NEWSWIRE) -- Crate.io, developer and supplier of CrateDB, the purpose-built database optimized for machine data use cases, today announced that CrateDB has earned a 2021 IoT Evolution Industrial Product of the Year Award from IoT Evolution World. ""The solutions ..."
"6498329677","https://www.smashingmagazine.com/2021/03/choosing-new-serverless-database-technology-agency/","2021-03-30","10:59:00","smashingmagazine.com","Smashing Magazine","eng","Choosing A New Serverless Database Technology At An Agency (Case Study)  --  Smashing Magazine","This article has been kindly supported by our dear friends at Fauna who make working with operational data productive, scalable and secure for every software development team. Thank you! Adopting a new technology is one of the hardest decisions for a technologist in a leadership role. This is often ..."
"6493916514","https://insidebigdata.com/2021/03/26/understanding-nosql-databases-document-stores/","2021-03-27","4:13:00","insidebigdata.com","Inside-BigData","eng","Understanding NoSQL Databases: Document Stores","Document-oriented databases (also called: aggregate databases, document databases or document stores) place each record, and its associative data, inside single documents. This database type is a subset of the NoSQL umbrella, which refers to the growing list of popular database management systems ..."
"6504830253","https://dzone.com/articles/how-we-implemented-distributed-multi-document-acid","2021-04-03","21:22:00","dzone.com","DZone","eng","Distributed Multi-Document ACID Transactions in Couchbase - DZone Database","ACID Transactions are a must when you have strict data consistency requirements in your application. The costs of running transactions on distributed systems can rapidly create bottlenecks at scale. In this article, we will give you an overview of some of the challenges faced by NoSQL and NewSQL ..."
"6500240385","https://www.marketscreener.com//news/latest/Couchbase-Cloud-Now-Available-in-the-Microsoft-Azure-Marketplace--32851605/","2021-03-31","14:04:00","marketscreener.com","Market Screener","eng","Couchbase Cloud Now Available in the Microsoft Azure Marketplace","Santa Clara, Calif., March 31, 2021 (GLOBE NEWSWIRE) -- Couchbase, the creator of the enterprise-class, multicloud to edge NoSQL database, today announced the availability of Couchbase Cloud in the Microsoft Azure Marketplace, an online store that provides applications and services for use on ..."
"6490648405","https://www.sitepoint.com/use-json-data-fields-mysql-databases/","2021-03-25","2:52:00","sitepoint.com","SitePoint","eng","How to Use JSON Data Fields in MySQL Databases - SitePoint","My article ""SQL vs NoSQL: The Differences"" noted that the line between SQL and NoSQL databases has become increasingly blurred, with each camp adopting features from the other. MySQL 5.7+ InnoDB databases and PostgreSQL 9.2+ both directly support JSON document types in a single field. In this ..."
"6521418094","https://www.raymondcamden.com/2021/04/15/building-a-database-driven-eleventy-site","2021-04-15","13:57:00","raymondcamden.com","Raymond Camden ü•ë","eng","Building a Database Driven Eleventy Site","For a large portion of my development career, I've been a databaser user of some sort or another. I spent many years working with app servers (ColdFusion) and almost always they were tied to a SQL database of some sort. In the beginning this was Microsoft Access (it was really easy to use), then SQL ..."
"6509914252","https://www.streetinsider.com/PRNewswire/Pressure+on+Digital+Architects+More+than+Doubles+During+COVID-19%2C+Couchbase+Research+Finds/18233677.html","2021-04-07","15:00:00","streetinsider.com","Streetinsider.com","eng","Pressure on Digital Architects More than Doubles During COVID-19, Couchbase Research Finds","News and research before you hear about it on CNBC and others. Claim your 1-week free trial to StreetInsider Premium here. SANTA CLARA, Calif., April 7, 2021 /PRNewswire/ --√Ç The pressure on digital architects has more than doubled since the outbreak of COVID-19, research from Couchbase, the ..."
"6489428023","https://www.benzinga.com/pressreleases/21/03/g20313555/crate-io-open-sources-the-entire-codebase-of-cratedb-the-database-purpose-built-for-machine-data","2021-03-24","9:46:00","benzinga.com","Benzinga","eng","Crate.io Open Sources the Entire Codebase of CrateDB - the Database Purpose Built for Machine Data","SAN FRANCISCO, March 24, 2021 (GLOBE NEWSWIRE) -- Crate.io, developer and supplier of CrateDB, the purpose-built database optimized for machine data use cases, today announced that CrateDB is now a fully open source database solution. With today's release of CrateDB 4.5, all enterprise features of ..."
"6489422647","https://www.marketscreener.com//news/latest/Crate-io-Open-Sources-the-Entire-Codebase-of-CrateDB-ndash-the-Database-Purpose-Built-for-Machine--32770654/","2021-03-24","9:43:00","marketscreener.com","Market Screener","eng","Crate.io Open Sources the Entire Codebase of CrateDB - the Database Purpose Built for Machine Data","SAN FRANCISCO, March 24, 2021 (GLOBE NEWSWIRE) -- Crate.io, developer and supplier of CrateDB, the purpose-built database optimized for machine data use cases, today announced that CrateDB is now a fully open source database solution. With today's release of CrateDB 4.5, all enterprise features of ..."
"6510240301","https://solutionsreview.com/business-intelligence/the-best-data-modeling-courses-and-online-training/","2021-04-07","19:15:00","solutionsreview.com","SolutionsReview","eng","The 10 Best Data Modeling Courses and Online Training for 2021","The editors at Solutions Review have compiled this list of the best data modeling courses and online training to consider. With this in mind, we've compiled this list of the best data modeling courses and online training to consider if you're looking to grow your data management or analytics skills ..."
"6486311939","https://www.sitepoint.com/javascript-typescript-orms/","2021-03-22","11:48:00","sitepoint.com","SitePoint","eng","9 Best JavaScript and TypeScript ORMs for 2021 - SitePoint","This article will briefly explain what object relational mapping (ORM) is, what an ORM library is, and why you should consider using one with your next JavaScript project. We'll also help you evaluate the best JavaScript and TypeScript ORM libraries based on your needs as a project developer and ..."
"6525234133","https://dzone.com/articles/nosql-the-cloud-and-java-part-2-the-nosql-platform","2021-04-18","13:26:00","dzone.com","DZone","eng","NoSQL, the Cloud, and Java: Part 2: The NoSQL Platforms - DZone Java","Within the world of NoSQL solutions with Java, there are several solutions and different types, which was the first part of this article. However, in addition to the keys, there are also platforms. The platforms are a set of tools that help to work with NoSQL databases. In this post, you will have ..."
"6487794633","https://www.marketscreener.com//news/latest/Aerospike-Cloud-Puts-Enterprises-in-Control-of-Their-Digital-Transformation-Strategy--32761697/","2021-03-23","10:05:00","marketscreener.com","Market Screener","eng","Aerospike Cloud Puts Enterprises in Control of Their Digital Transformation Strategy ","New Aerospike Kubernetes Operator Advances Consistent App Delivery Across Hybrid and Multi-clouds Aerospike Inc., the global leader in next-generation, real-time NoSQL data solutions, today announced the release of the Aerospike Kubernetes Operator and advancements in Aerospike Cloud Managed ..."
"6530447198","https://www.fish4.co.uk/job/10876581/data-engineer/","2021-04-22","2:05:00","fish4.co.uk","Fish4jobs","eng","Data Engineer","Apply(This will open in a new window from which you will be automatically redirected to an external site after 5 seconds) Data Engineer GBP45-48,000 plus very generous benefits Home & Humberside office for occasional meetings Own the data and deliver intelligent packaged data reporting and ..."
"6509982804","https://aithority.com/technology/analytics/manta-partners-with-neo4j-to-provide-customers-with-enhanced-graph-technology-for-data-pipeline-analysis-2/","2021-04-07","15:49:00","aithority.com","AiThority","eng","MANTA Partners With Neo4j to Provide Customers With Enhanced Graph","Partnership allows organizations to track lineage for hundreds of thousands of individual application assets enabling them to more swiftly reach conclusions about data flows Data lineage platform MANTA announced a new partnership with Neo4j¬Æ, the leader in graph technology, to embed Neo4j's graph ..."
"6509958428","https://aithority.com/technology/analytics/manta-partners-with-neo4j-to-provide-customers-with-enhanced-graph-technology-for-data-pipeline-analysis/","2021-04-07","15:31:00","aithority.com","AiThority","eng","MANTA Partners With Neo4j to Provide Customers With Enhanced Graph Technology for Data Pipeline Analysis","Partnership allows organizations to track lineage for hundreds of thousands of individual application assets enabling them to more swiftly reach conclusions about data flows Data lineage platform MANTA announced a new partnership with Neo4j, the leader in graph technology, to embed Neo4j's graph ..."
"6507494245","https://japan.cnet.com/release/30538088/","2021-04-06","4:05:00","cnet.com","CNET","jpn","CData Tableau Connectors „Ç∑„É™„Éº„Ç∫„Çí„É™„É™„Éº„Çπ ","ÔΩû230 Á®ÆÈ°ûË∂Ö„ÅÆ„Ç®„É≥„Çø„Éº„Éó„É©„Ç§„Ç∫SaaS„ÉªNoSQL „ÇíTableau „Åã„Çâ„Éé„Éº„Ç≥„Éº„Éâ„ÅßÈÄ£Êê∫„Åó„Å¶„Éì„Ç∏„É•„Ç¢„É©„Ç§„Ç∫„ÉªÂàÜÊûêÂà©Áî®„ÇíÂÆüÁèæÔΩû 2021Âπ¥4Êúà6Êó•„ÄÅ„É™„Ç¢„É´„Çø„Ç§„É†„Éá„Éº„ÇøÈÄ£Êê∫„Éâ„É©„Ç§„Éê„Éº„ÅÆ„É™„Éº„Éá„Ç£„É≥„Ç∞„Éó„É≠„Éê„Ç§„ÉÄ„ÉºCData Software, ..."
"6516121573","https://heraldkeeper.com/market/global-embedded-database-system-market-outlook-industry-analysis-and-prospect-2021-2026-818066.html","2021-04-12","6:54:00","heraldkeeper.com","Herald Keeper","eng","Global Embedded Database System Market Outlook, Industry Analysis and Prospect 2021-2026","An embedded database system is a database management system (DBMS) which is tightly integrated with an application software that requires access to stored data, such that the database system is ""hidden"" from the application's end-user and requires little or no ongoing maintenance. Projected and ..."
"6529842400","https://www.impresacity.it/news/25187/couchbase-quando-il-database-e-cloud-nativo.html","2021-04-21","15:36:00","impresacity.it","impresacity.it","ita","Couchbase: quando il database √® cloud-nativo","Decentralizzazione, approccio cloud-nativo, performance: Couchbase punta alle caratteristiche chiave dell'IT moderna per differenziarsi Il mercato database √® tradizionalmente abbastanza dinamico. Ma periodicamente ha bisogno di qualche ""scossone"" positivo per recepire nuovi modelli ed approcci ..."
"6522708416","https://portswigger.net/daily-swig/cockpit-cms-flaws-exposed-web-servers-to-nosql-injection-exploits","2021-04-16","10:50:00","portswigger.net","Burp Suite","eng","Cockpit CMS flaws exposed web servers to NoSQL injection exploits","Vulnerabilities could be leveraged for full RCE on Cockpit instances using MongoLite Developers of Cockpit CMS, an open source content management system, have patched two security vulnerabilities following a disclosure by researchers at PT Swarm. The vulnerabilities could allow a remote, ..."
"6490864359","https://japan.cnet.com/release/30533840/","2021-03-25","6:54:00","cnet.com","CNET","jpn","„ÇØ„É©„Çπ„É°„ÇΩ„ÉÉ„Éâ„ÅÆ„ÄéCS„Ç¢„Éä„É™„ÉÜ„Ç£„ÇØ„Çπ Data Uploader„Äè„Å®CData ODBC Drivers„ÅÆ‰ΩµÁî®„Åß200Á®ÆÈ°û‰ª•‰∏ä„ÅÆSaaS„ÉªDWH„Éá„Éº„ÇøÂü∫Áõ§„Å∏„ÅÆÈÄ£Êê∫„ÇíÂÆüÁèæ","Salesforce„ÄÅSAP„ÄÅMarketo„ÄÅBigQuery„Éá„Éº„Çø„Çí„Éé„Éº„Ç≥„Éº„Éâ„ÅßS3„ÇÑGoogle Cloud Storage„Å´„É≠„Éº„Éâ „ÇØ„É©„Çπ„É°„ÇΩ„ÉÉ„ÉâÊ†™Âºè‰ºöÁ§æÔºàÊú¨Á§æÔºöÊù±‰∫¨ÈÉΩÂçÉ‰ª£Áî∞Âå∫„ÄÅ‰ª£Ë°®ÂèñÁ∑†ÂΩπÁ§æÈï∑ÔºöÊ®™Áî∞ ..."
"6510193617","https://www.theregister.com/2021/04/07/redis_labs_doubles_value_to/","2021-04-07","18:34:00","theregister.com","theregister.com","eng","Redis Labs doubles value to $2bn in 9 months with $110m Series G funding round","SoftBank's Vision Fund 2 steps up to boost the coffers of NoSQL database biz Redis Labs, a commercial backer of the open-source key-value store database Redis, has secured $110m in funding, with backers including Softbank Vision Fund 2. The Series G round values the company at around $2bn and is ..."
"6507076603","https://habr.com/ru/post/550898/","2021-04-05","19:02:00","habr.com","Habr","rus","–û—Ç–∑—ã–≤ –æ –∫—É—Ä—Å–µ ""NoSQL"" –Ω–∞ ""–û—Ç—É—Å""","–ó–¥—Ä–∞–≤—Å—Ç–≤—É–π—Ç–µ. –•–æ—á—É –ø–æ–¥–µ–ª–∏—Ç—å—Å—è —Å–≤–æ–∏–º–∏ –≤–ø–µ—á–∞—Ç–ª–µ–Ω–∏—è–º–∏ –æ—Ç –ø—Ä–æ—Ö–æ–∂–¥–µ–Ω–∏—è –∫—É—Ä—Å–∞ ""NoSQL"" –Ω–∞ –ø–ª–∞—Ç—Ñ–æ—Ä–º–µ –æ–Ω–ª–∞–π–Ω-–æ–±—Ä–∞–∑–æ–≤–∞–Ω–∏—è ""–û—Ç—É—Å"" (otus.ru). –ü—Ä–µ—Å–ª–µ–¥—É–µ–º–æ–π –º–Ω–æ—é —Ü–µ–ª—å—é —è–≤–ª—è–ª–æ—Å—å ..."
"6494220433","http://www.thedrum.com/jobs/details/237608/.NET%20Developer%20-%20London%20-%20Contract%20-...","2021-03-27","9:55:00","thedrum.com","The Drum","eng",".NET Developer - London - Contract - ¬£600-650/day (Inside IR35) in London","(.NET CORE, C#, Kafka, AWS, Apache Spark, NoSQL, ElasticSearch) We're working with a prestigious London FinTech company that are looking for a contract .NET Developer to join them on a long-term basis. This person will be tasked with continuing the ongoing digital transformation piece and working ..."
"6488087517","https://www.intellasia.net/datastax-collaborates-with-ibm-to-help-enterprises-accelerate-modern-multi-cloud-data-applications-887305","2021-03-23","13:21:00","intellasia.net","IntellAsia","eng","DataStax Collaborates With IBM to Help Enterprises Accelerate Modern, Multi-Cloud Data Applications","DataStax Enterprise with IBM is now available to deliver highly scalable and highly available data management built on the open source Apache Cassandra‚Ñ¢ database SANTA CLARA, Calif.--(BUSINESS WIRE)--DataStax today announced a collaboration with IBM to deliver DataStax Enterprise, a leading ..."
"6494040007","https://www.analyticsinsight.net/top-data-science-roles-skills-and-salaries-in-india/","2021-03-27","6:37:00","analyticsinsight.net","Analytics Insight","eng","Top Data Science Roles in India","The rise of data science has come the accompanying explosion in roles in some way that involves data. No wonder it is one of the hot and progressive fields of technological applications in current times. Perhaps the best job market right now converges in the field of data science. Meanwhile, this ..."
"6491677683","https://www.dbta.com/Editorial/News-Flashes/CrateDB-45-is-Now-Available-as-an-Open-Source-Database-145964.aspx","2021-03-25","16:36:00","dbta.com","DBTA Magazine","eng","CrateDB 4.5 is Now Available as an Open Source Database","Crate.io, developer and supplier of CrateDB, announced that CrateDB is now a fully open source database solution, allowing developers to add enhancements. With the release of CrateDB 4.5, all enterprise features of the database are available under the Apache 2.0 open source license for the ..."
"6501392487","https://fnbherald.com/2021/04/01/global-cloud-based-database-market-is-it-repeating-history/","2021-04-01","8:29:00","fnbherald.com","fnbherald.com","eng","Global Cloud-based Database Market: Is it Repeating History?","Global Cloud-based Database Market Data Survey Report 2015-2025 is latest research study released by HTF MI evaluating the market, highlighting opportunities, risk side analysis, and leveraged with strategic and tactical decision-making support. The influencing Factors of growth and regulations with ..."
"6529993502","https://www.theregister.com/2021/04/21/redis_7/","2021-04-21","17:29:00","theregister.com","theregister.com","eng","You only love me for my cache: New modules try to make NoSQL Redis more of a general-purpose database","Redis Labs has announced a slew of new modules designed to enhance consistency, boost machine learning, and bolster JSON document support in its core open-source database. The new add-ons are optional and will be available in the second half of the year with release 7.0. Redis has hit the big time ..."
"6522926273","https://www.marketscreener.com//quote/stock/CLOUDFLARE-INC-65956823/news/Cloudflare-nbsp-Announcing-Cloudflare-s-Database-Partners-32987743/","2021-04-16","13:37:00","marketscreener.com","Market Screener","eng","Cloudflare : Announcing Cloudflare's Database Partners | MarketScreener","Cloudflare Workers is the easiest way for developers to deploy their application's code with performance, scale and security baked in. No configuration necessary. Worker code scales to serve billions of requests close to your users across Cloudflare's 200+ data centers. But that's not the only ..."
"6515756248","https://dzone.com/articles/bringing-transaction-and-ai-data-worlds-closer-a-n","2021-04-11","22:45:00","dzone.com","DZone","eng","Bringing Transaction and AI Data Worlds Closer: A Notion of Integrated Data Platforms - DZone AI","Vaibhav S Dantale - dantalev@gmail.com Subhendu Dey - subhendu.dey@in.ibm.com Sandipan Sarkar - sandipansarkar@gmail.com Ram Ravishankar - ram.ravishankar@gmail.com The recent accelerated adoption of hybrid multi-cloud and cloud-native application architectures is rapidly changing the data ..."
"6511531729","https://www.heise.de/news/Redis-Labs-will-zu-den-fuehrenden-Datenbankanbietern-aufschliessen-6009110.html","2021-04-08","15:14:00","heise.de","heise online","deu","Redis Labs will zu den f√ºhrenden Datenbankanbietern aufschlie√üen","Eine Investorengruppe unter der F√ºhrung von Tiger Global, SoftBank Vision Fund 2* und TCV stellt Redis Labs weitere 110 Millionen US-Dollar Kapital zur Verf√ºgung und erh√∂ht den aktuellen Marktwert des Unternehmens damit auf rund zwei Milliarden US-Dollar. Der Anbieter der ..."
"6520009422","https://www.analyticsinsight.net/where-the-cloud-cant-save-you/","2021-04-14","16:04:00","analyticsinsight.net","Analytics Insight","eng","Where the Cloud Can't Save You","Generals will divide their forces to ensure that their army survives a battle. The cloud takes you to the next level, you can achieve the same by replicating your application, being in multiple places at once to keep a service window always open for your users. However, if the split forces still ..."
"6510546848","https://dzone.com/articles/most-preferred-react-native-databases","2021-04-08","1:08:00","dzone.com","DZone","eng","5 Most Preferred React Native Databases - DZone Web Dev","React Native has gained immense popularity as one of the top open-source mobile app frameworks. It is created by Facebook and supports various smart devices such as Android, iOS, tvOS, macOS, Windows, and UWP. We all know React Native allows developers to create some exciting and real mobile apps ..."
"6519467061","https://thefintechtimes.com/neo4j-why-graph-technology-is-the-key-to-fraud-detection/","2021-04-14","9:41:00","thefintechtimes.com","The Fintech Times","eng","Neo4J: Why Graph Technology Is the Key to Fraud Detection | The Fintech Times","With fraudulent activity on the rise, financial organisations need to keep up with their compliance requirements, avoiding fines and keeping themselves and their customers safe. One method of fraud detection involves graph technology. Someone who knows all about this is Nik Vora, Vice President - ..."
"6508303285","https://www.dbta.com/Columns/DBA-Corner/The-Importance-of-Data-Modeling-in-a-Big-Data-World-145915.aspx","2021-04-06","14:47:00","dbta.com","DBTA Magazine","eng","The Importance of Data Modeling in a Big Data World","As more organizations embrace big data and analytics to gain insight from extremely large datasets, the tools and systems used to manage data have grown, changed, and mul¬≠tiplied. Instead of just relational database systems, we now use NoSQL databases and Hadoop file systems to store increasingly ..."
"6489454409","https://www.theregister.com/2021/03/24/oracle_autonomous_data_warehouse/","2021-03-24","10:04:00","theregister.com","theregister.com","eng","Does SQL make your business users squeal? Oracle's 'self-driving cloud data warehouse' hides it behind a GUI if needed","Big Red hopes automation will tempt new customers to its cloud Last week Oracle launched an upgrade to its data-warehousing technology that puts SQL, the language on which the company has more or less built its vast fortune, in the background. After announcing the industry's ""first and only ..."
"6519255190","https://dzone.com/articles/import-data-from-neo4j-to-nebula-graph-via-nebula","2021-04-14","6:57:00","dzone.com","DZone","eng","Import Data From Neo4j to Nebula Graph Via Nebula Exchange: Best Practices - DZone Database","The requirement for real-time data updating and querying increases continuously as the data size is surging. Under such a case, Neo4j is sure to fall behind. Since the single-host Neo4j Community version doesn't support scale-up, the linear scalability and read/write splitting is not possible. ..."
"6513038980","https://www.idnes.cz/technet/software/manta-neo4j-databaze.A210409_130427_software_vse","2021-04-09","14:28:00","idnes.cz","iDNES.cz","ces","ƒåesk√©mu startupov√©mu projektu Manta pom≈Ø≈æe l√©pe kontrolovat tok dat Neo4j","V roce 2010 vznikl√Ω americk√Ω startup Neo4j (Network Exploration and Optimization 4 Java) se zjednodu≈°enƒõ ≈ôeƒçeno zab√Ωv√° prac√≠ s daty pomoc√≠ grafov√Ωch datov√Ωch struktur. Nyn√≠ se s n√≠m spojil ƒçesko-americk√Ω startup Manta zamƒõ≈ôuj√≠c√≠ se na mapov√°n√≠ a anal√Ωzu datov√Ωch ..."
"6489883851","https://aithority.com/it-and-devops/cloud/aerospike-cloud-puts-enterprises-in-control-of-their-digital-transformation-strategy/","2021-03-24","14:55:00","aithority.com","AiThority","eng","Aerospike Cloud Puts Enterprises in Control of Their Digital Transformation Strategy","New Aerospike Kubernetes Operator Advances Consistent App Delivery Across Hybrid and Multi-clouds Aerospike, the global leader in next-generation, real-time NoSQL data solutions, announced the release of the Aerospike Kubernetes Operator and advancements in Aerospike Cloud Managed Service to help ..."
"6489066252","http://www.newspatrolling.com/aerospike-cloud-puts-enterprises-in-control-of-their-digital-transformation-strategy/","2021-03-24","4:30:00","newspatrolling.com","Newspatrollingindia","eng","Aerospike Cloud Puts Enterprises in Control of Their Digital Transformation Strategy","New Aerospike Kubernetes Operator Advances Consistent App Delivery Across Hybrid and Multi-clouds MOUNTAIN VIEW, CALIF. -- Mar. 24, 2021 -- Aerospike Inc., the global leader in next-generation, real-time NoSQL data solutions, today announced the release of the Aerospike Kubernetes Operator and ..."
"6509472465","https://entwickler.de/online/development/vorschlaege-skillgraph-neo4j-microservice-579964721.html","2021-04-07","9:52:00","entwickler.de","entwickler","deu","Vorschl√§ge aus dem Skillgraph: Ein Neo4j Microservice als Alternative zur Recommendation Engine - entwickler.de","Je mehr Daten Recruitern zur Verf√ºgung stehen, desto schneller kann der optimale Job gefunden werden. Da das Ausf√ºllen von Profilen mittels den richtigen Vorschl√§gen leichter und schneller von der Hand geht, zeigt dieser Artikel, wie Sie Bewerbern eine automatisierte Liste an wahrscheinlichen ..."
"6499087272","https://www.di.se/analys/nye-vd-n-bygger-om-vi-ser-omfattande-potential-for-tillvaxt-framat/","2021-03-30","20:31:00","di.se","Dagens industri","swe","Nye vd:n bygger om: ""Vi ser omfattande potential f√∂r tillv√§xt fram√•t""","Framtiden f√∂r Artificiell Intelligens (AI) heter grafbaserad maskininl√§rning och √§r redan h√§r. M√∂t f√∂retaget som g√∂r det m√∂jligt och har skapat f√∂ruts√§ttningarna f√∂r fler att anv√§nda teknologin - utanf√∂r Silicon Valleys gr√§nser. Det r√•der inga tvivel om att moderna analysplattformer ..."
"6528348231","https://dzone.com/articles/graph-based-data-science-machine-learning-and-ai-t","2021-04-20","16:39:00","dzone.com","DZone","eng","Graph-Based Data Science, Machine Learning, and AI. The Year of the Graph Newsletter, Spring 2021 - DZone AI","Over the last few years, we have seen what was once a niche research topic -- graph-based machine learning -- snowball. The Year of the Graph was among the first to take stock, point towards this development, and recognize graph-based AI as a key pillar for future development in the field. In this ..."
"6516187136","https://jaxenter.com/java-2021-174063.html","2021-04-12","7:50:00","jaxenter.com","JAXenter.com","eng","What Java Programmers Should Learn in 2021 - JAXenter","If you are looking to learn Java, you may be wondering where to start. Which technologies should you focus on? Whether you are new to the language, a middle-level learner, or already using Java at work, this article explores the essentials that you need to know. Learning a programming language is a ..."
"6529640618","https://blocksandfiles.com/2021/04/21/redis-database-gets-strong-consistency-ai-inferencing-and-global-speed/","2021-04-21","13:10:00","blocksandfiles.com","BlocksandFiles","eng","Redis database gets strong consistency, AI inferencing and global speed - Blocks and Files","Redis Labs asannounced Redis Database 7.0. Thein-memory NoSQL database software will deliver faster performance for a globally distributed Redis database, more reliable data, better searches and AI assistance, the company said at Redisconf yesterday. Specifically Redis Labs is ..."
"6486501034","https://www.digitalocean.com/community/tutorials/how-to-configure-keyfile-authentication-for-mongodb-replica-sets-on-ubuntu-20-04","2021-03-22","14:04:00","digitalocean.com","DigitalOcean","eng","How To Configure Keyfile Authentication for MongoDB Replica Sets on Ubuntu 20.04 | DigitalOcean","MongoDB, also known as Mongo, is an open-source document database used in many modern web applications. It is classified as a NoSQL database because it does not rely on the relational database model. Instead, it uses JSON-like documents with dynamic schemas. This means that, unlike relational ..."
"6486501035","https://www.digitalocean.com/community/tutorials/how-to-configure-a-mongodb-replica-set-on-ubuntu-20-04","2021-03-22","14:01:00","digitalocean.com","DigitalOcean","eng","How To Configure a MongoDB Replica Set on Ubuntu 20.04 | DigitalOcean","An earlier version of this tutorial was written by Justin Ellingwood. MongoDB, also known as Mongo, is an open-source document database used in many modern web applications. It is classified as a NoSQL database because it does not rely on a traditional table-based relational database structure. ..."
"6530181350","https://siliconangle.com/2021/04/21/tigergraph-launches-managed-graph-database-google-cloud/","2021-04-21","20:27:00","siliconangle.com","SiliconANGLE","eng","TigerGraph launches its managed graph database on Google Cloud - SiliconANGLE","TigerGraph Inc. has launched its managed graph database on Google Cloud, enabling customers of the search giant's infrastructure-as-a-service platform to use the software in their analytics projects. The Redwood City, California-based startup said today that the offering is now the first ..."
"6520250303","https://www.datanami.com/2021/04/14/developers-display-grace-under-pressure-during-pandemic/","2021-04-14","19:28:00","datanami.com","Datanami","eng","Developers Display Grace Under Pressure During Pandemic","Digital architects are mostly holding their own under pandemic-induced pressure to get projects out the door faster despite persistent data infrastructure gaps, according to a vendor survey that also concludes COVID-19 disruptions may ultimately accelerate digital initiatives. Couchbase, the edge ..."
"6511886704","https://www.itpro.co.uk/development/open-source/359157/redis-closes-another-round-of-funding-after-raising-110-million","2021-04-08","20:07:00","itpro.co.uk","ITPro","eng","Redis closes another round of funding, raking in an additional $110 million | IT PRO","Open source database company Redis Labs has announced a late-stage $110 million financing round, bringing its valuation to over $2bn. This is a Series G round for the company and brings the total funding it's raised to $347 million. This doesn't include a secondary market transaction also announced ..."
"6510456936","https://www.datanami.com/2021/04/07/redis-nabs-110-million-in-vc-funding-as-deployments-grow/","2021-04-07","23:06:00","datanami.com","Datanami","eng","Redis Nabs $110 Million in VC Funding as Deployments Grow","Following the latest Series G round of funding in the amount of $110 million, NoSQL database vendor Redis Labs is worth more than $2 billion, the company announced today. That additional venture funding will help the company to continue positioning the product as a versatile real-time data platform ..."
"6510326174","https://www.digitalocean.com/community/tutorials/how-to-back-up-restore-and-migrate-a-mongodb-database-on-ubuntu-20-04-pt","2021-04-07","20:38:00","digitalocean.com","DigitalOcean","por","Como fazer backup, restaurar e migrar um banco de dados MongoDB no Ubuntu 20.04 | DigitalOcean","O autor selecionou a COVID-19 Relief Fund para receber uma doa√ß√£o como parte do programa Write for DOnations. O MongoDB √© um dos mecanismos de banco de dados NoSQL mais populares. Ele √© famoso por ser escalon√°vel, robusto, confi√°vel e f√°cil de usar. Neste artigo, voc√™ vai fazer backup, ..."
"6510326184","https://www.digitalocean.com/community/tutorials/how-to-back-up-restore-and-migrate-a-mongodb-database-on-ubuntu-20-04-es","2021-04-07","20:38:00","digitalocean.com","DigitalOcean","spa","C√≥mo hacer una copia de seguridad, restablecer y migrar una base de datos de MongoDB en Ubuntu 20.04 | DigitalOcean","El autor seleccion√≥ COVID-19 Relief Fund para que reciba una donaci√≥n como parte del programa Write for DOnations. MongoDB es uno de los motores de base de datos m√°s populares de NoSQL. Es famoso por ser escalable, s√≥lido, confiable y f√°cil de usar. En este art√≠culo, respaldar√°, restaurar√° ..."
"6510326209","https://www.digitalocean.com/community/tutorials/how-to-back-up-restore-and-migrate-a-mongodb-database-on-ubuntu-20-04-de","2021-04-07","20:38:00","digitalocean.com","DigitalOcean","deu","So sichern, wiederherstellen und migrieren Sie eine MongoDB-Datenbank unter Ubuntu 20.04 | DigitalOcean","Der Autor hat den COVID-19 Relief Fund dazu ausgew√§hlt, eine Spende im Rahmen des Programms Write for DOnations zu erhalten. MongoDB ist eine der beliebtesten NoSQL-Datenbank-Engines. Es ist bekannt f√ºr seine Skalierbarkeit, Robustheit, Zuverl√§ssigkeit und Benutzerfreundlichkeit. In diesem ..."
"6510326180","https://www.digitalocean.com/community/tutorials/how-to-back-up-restore-and-migrate-a-mongodb-database-on-ubuntu-20-04-fr","2021-04-07","20:38:00","digitalocean.com","DigitalOcean","fra","Comment sauvegarder, restaurer et migrer une base de donn√©es MongoDB sur Ubuntu 20.04 | DigitalOcean","L'auteur a choisi le COVID-19 Relief Fund pour recevoir un don dans le cadre du programme Write for DOnations. MongoDB est l'un des moteurs de base de donn√©es NoSQL les plus populaires. Il doit sa c√©l√©brit√© √† son √©volutivit√©, sa robustesse, sa fiabilit√© et sa facilit√© d'utilisation. √Ä ..."
"6510326168","https://www.digitalocean.com/community/tutorials/how-to-back-up-restore-and-migrate-a-mongodb-database-on-ubuntu-20-04-ru","2021-04-07","20:38:00","digitalocean.com","DigitalOcean","rus","–°–æ–∑–¥–∞–Ω–∏–µ —Ä–µ–∑–µ—Ä–≤–Ω—ã—Ö –∫–æ–ø–∏–π, –≤–æ—Å—Å—Ç–∞–Ω–æ–≤–ª–µ–Ω–∏–µ –∏ –º–∏–≥—Ä–∞—Ü–∏—è –±–∞–∑—ã –¥–∞–Ω–Ω—ã—Ö MongoDB –≤ Ubuntu 20.04 | DigitalOcean","–ê–≤—Ç–æ—Ä –≤—ã–±—Ä–∞–ª COVID-19 Relief Fund –¥–ª—è –ø–æ–ª—É—á–µ–Ω–∏—è –ø–æ–∂–µ—Ä—Ç–≤–æ–≤–∞–Ω–∏—è –≤ —Ä–∞–º–∫–∞—Ö –ø—Ä–æ–≥—Ä–∞–º–º—ã Write for DOnations. MongoDB -- –æ–¥–Ω–∞ –∏–∑ —Å–∞–º—ã—Ö –ø–æ–ø—É–ª—è—Ä–Ω—ã—Ö —Å–∏—Å—Ç–µ–º —É–ø—Ä–∞–≤–ª–µ–Ω–∏—è –±–∞–∑–∞–º–∏ –¥–∞–Ω–Ω—ã—Ö NoSQL. –û–Ω–∞ ..."
"6509470479","https://themarketeagle.com/2021/04/07/cloud-database-and-dbaas-market-2028-google-microsoft-aws-ibm-oracle-alibaba-cloud-sap-mongodb-etc/","2021-04-07","9:51:00","themarketeagle.com","themarketeagle.com","eng","Cloud Database and Dbaas Market  2028: Google, Microsoft, AWS, IBM, Oracle, Alibaba Cloud, SAP, MongoDB, etc.","Introduction: Global Cloud Database and Dbaas Market, 2018-28 The Cloud Database and Dbaas study provides key dynamic segments, increasing US dollar demand across end-user markets, company dimensions, and consumer trends. A comprehensive overview of this field including definitions, grading, ..."
"6500368072","https://www.digitalocean.com/community/tutorials/what-is-a-database","2021-03-31","15:30:00","digitalocean.com","DigitalOcean","eng","Definition: Database | DigitalOcean","A database is a collection of structured information organized in a way that it can be easily accessed, managed, and updated by computer programs. Complex databases often use more formalized structures and design patterns, typically defined by a Database Management System (DBMS). There are many ..."
"6487564273","https://habr.com/ru/company/croc/blog/548018/","2021-03-23","7:07:00","habr.com","Habr","rus","–ê–Ω–∞–ª–∏—Ç–∏–∫–∞ —Å–æ–±—ã—Ç–∏–π –Ω–∞ –æ–ø–∞—Å–Ω–æ–º –ø—Ä–æ–∏–∑–≤–æ–¥—Å—Ç–≤–µ, –∏–ª–∏ –∑–∞—á–µ–º ""–¶–∏—Ñ—Ä–æ–≤–æ–º—É —Ä–∞–±–æ—á–µ–º—É"" Kafka, Esper –∏ Clickhouse","–ü—Ä–∏–≤–µ—Ç, –•–∞–±—Ä! –Ø –ê–ª–µ–∫—Å–µ–π –ö–æ–Ω—è–µ–≤. –ü–æ—Å–ª–µ–¥–Ω–∏–µ –ø–∞—Ä—É –ª–µ—Ç —É—á–∞—Å—Ç–≤—É—é –≤ —Ä–∞–∑–≤–∏—Ç–∏–∏ –ø–ª–∞—Ç—Ñ–æ—Ä–º—ã ""–¶–∏—Ñ—Ä–æ–≤–æ–π —Ä–∞–±–æ—á–∏–π"" –≤ —Ä–æ–ª–∏ –≤–µ–¥—É—â–µ–≥–æ java-—Ä–∞–∑—Ä–∞–±–æ—Ç—á–∏–∫–∞. –ü—Ä–µ–¥—Å—Ç–∞–≤—å—Ç–µ, —á—Ç–æ –≤—ã –ø—Ä–∏–µ—Ö–∞–ª–∏ –Ω–∞ ..."
"6521343144","https://venturebeat.com/2021/04/15/rockset-integrates-real-time-analytics-platform-with-relational-databases/","2021-04-15","13:06:00","venturebeat.com","VentureBeat","eng","Rockset integrates real-time analytics platform with relational databases","Rockset today announced it has integrated its analytics database with both MySQL and PostgreSQL relational databases to enable organizations to run queries against structured data in real time. Rather than having to shift data into a cloud data warehouse to run analytics, organizations can now ..."
"6516996876","https://www.itprotoday.com/business-resources/emerging-technology-projected-total-economic-impact-aerospike-nosql-data-platform","2021-04-12","17:57:00","itprotoday.com","ITPro Today","eng","Emerging Technology: The Projected Total Economic Impact‚Ñ¢ Of The","Traditional data platforms are failing to meet new business requirements that demand a no-compromises combination of real-time data, performance, scale, integrated data, and security. Today, typically three platforms service the needs for workloads: namely transactional, operational, and analytical ..."
"6505128833","http://www.thedrum.com/jobs/details/238362/Contract%20PHP%20Developer","2021-04-04","6:15:00","thedrum.com","The Drum","eng","Contract PHP Developer in Oxfordshire","Contract PHP Developer - 6 months - up to 300 per day Work from home Public Sector Are you PHP Developer, who has a genuine commitment to clinical research and would like to work for reputable University? We are looking for a PHP Developer, to maintain and support the Clinical databases and ..."
"6493295324","https://www.expresscomputer.in/event/your-salvation-from-high-software-licensing-costs-and-server-sprawl-8th-april-2021/","2021-03-26","16:28:00","expresscomputer.in","Express Computer","eng","Your salvation from high software licensing costs and server sprawl | 8th April 2021 - Express Computer",""" Digital Uttar Pradesh 2021 : Drive Augmentation of e-Governance | 7th April 2021 In today's landscape where disruption is the new norm, your business expects more from IT. Technology, business models, and client expectations continue to evolve and grow. The established model of today was ..."
"6492003115","https://www.makeuseof.com/how-is-data-modeling-different-in-mongodb/","2021-03-25","20:57:00","makeuseof.com","MakeUseOf","eng","How Is Data Modeling Different In MongoDB?","Considering a different approach to databases? Here's how data modeling works in MongoDB. Data modeling is the process of developing a visual representation of either an entire software application or components of it to communicate the connections between data points and structure. It involves ..."
"6509830301","https://blocksandfiles.com/2021/04/07/redis-labs-capital-raise/","2021-04-07","14:02:00","blocksandfiles.com","BlocksandFiles","eng","Rampant Redis Labs rakes in the readies with $2bn valuation - Blocks and Files","Surging business growth at Redis Labs has helped the real-time cloud database startup to raise $110m at a $2bn-plus valuation, doubling its valuation from August 2020. The company will use the cash to expand its global footprint, develop its software, and build customer support. The company said ..."
"6500936575","https://www.newswinters.com/space/101084/cloud-database-and-dbaas-market-segmentation-by-type-application-region-and-key-players-analysis-upto-2028-google-microsoft-aws-ibm-oracle-alibaba-cloud-sap-mongodb-etc/","2021-04-01","0:29:00","newswinters.com","newswinters.com","eng","Cloud Database and Dbaas Market Segmentation by Type, Application, Region and Key Players Analysis Upto 2028: Google, Microsoft, AWS, IBM, Oracle, Alibaba Cloud, SAP, MongoDB, etc.","Global Cloud Database and Dbaas Market: Introduction An all-inclusive assessment report conducted to impart thorough knowledge of the Global Cloud Database and Dbaas Market enabling marketers and customers to understand current market scenario. The major objective of the Cloud Database and Dbaas ..."
"6491402527","http://devclass.com/2021/03/25/cratedb-goes-fully-open-source-with-release-of-v4-5/","2021-03-25","13:22:00","devclass.com","devclass","eng","CrateDB takes distributed SQL DB fully open source with release of v4.5 * DEVCLASS","Crate.io has pushed out CrateDB 4.5, the latest version of its clustered SQL database for developers building machine data applications. With this release, the product is also now fully open source with all enterprise features of the database available under the Apache 2.0 license. Detailing the ..."
"6488770326","https://themarketeagle.com/2021/03/23/cloud-based-database-market-is-booming-across-globe/","2021-03-23","22:22:00","themarketeagle.com","themarketeagle.com","eng","Cloud-based Database Market Is Booming Across Globe","HTF MI Published Latest Global Cloud-based Database Market Study by in-depth analysis about current scenario, the Market size, demand, growth pattern, trends, and forecast. Revenue for Cloud-based Database Market has grown substantially over the six years to 2020 as a result of strengthening ..."
"6528077191","https://www.marketscreener.com//news/latest/Redis-Labs-nbsp-Ushers-the-Real-Time-Era-with-Redis-as-a-Data-Platform--33015021/","2021-04-20","13:19:00","marketscreener.com","Market Screener","eng","Redis Labs : Ushers the Real-Time Era with Redis as a Data Platform","Redis offers the only real-time data platform capable of delivering performance--enhanced with artificial intelligence--to give companies a digital competitive advantage Today at RedisConf 2021, Redis Labs unveiled the future of Redis as a real-time data platform, transforming the way applications ..."
"6511790410","https://3wnews.org/news/56294/cloud-based-database-marketplace-learn-about-an-rising-trace-of-alternative-in-2020-2024-with-profiling-key-gamers-amazon-internet-services-and-products-google-ibm-microsoft/","2021-04-08","18:37:00","3wnews.org","3wnews.org","eng","Cloud-based Database Marketplace learn about an rising trace of alternative in 2020-2024 with profiling key gamers ‚Äì Amazon Internet Services and products, Google, IBM, Microsoft","""Marketplace Synopsis :- A cloud-based database is a database, because the identify suggests, is living on a cloud computing platform. Databases are used to retailer and set up more than a few sorts of information generated by means of an organization. Database products and services can also be ..."
"6509548845","https://betanews.com/2021/04/07/postgresql-popularized-open-source-databases-qa/","2021-04-07","10:46:00","betanews.com","BetaNews.com","eng","How PostgreSQL has popularized open source enterprise databases [Q&A]","Although open source has gained in popularity in recent years, in some circles it's still viewed as being inaccessible to all but tech experts. But that's starting to change, the PostgreSQL database has earned a strong reputation among businesses for reliability, feature robustness, and performance ..."
"6502373118","https://www.continuent.com/resources/blog/real-time-big-data-analytics-how-replicate-mysql-hadoop","2021-04-01","21:47:00","continuent.com","Continuent","eng","Continuent Blog: Real-Time Big Data Analytics: How to Replicate from MySQL to Hadoop","First off: Happy 15th birthday, Hadoop! It wasn't an April Fool's joke then, and it isn't today either: Hadoop's initial release was on the 1st of April 2006 :-) As most of you will know, Apaches Hadoop is a powerful and popular tool, which has been driving much of the Big Data movement over the ..."
"6490359756","https://www.datanami.com/2021/03/24/the-rage-design-behind-flatfiles-onboarding-success/","2021-03-24","21:13:00","datanami.com","Datanami","eng","The 'Rage Design' Behind Flatfile's Onboarding Success","David Boskovic was excited to join a company called Envoy back in 2016. He had worked with B2B startups since he was 18, and was looking forward to helping another tech startup scale an idea. But that excitement turned to dread when Boskovic realized his first job was to build yet another data ..."
"6530931746","https://www.investegate.co.uk/article.aspx?id=20210422080000H8544&utm_source=feedburnerfeed&utm_medium=feed&utm_campaign=Feed%253A%2BInvestegate%2B%2528Investegate%2BCompany%2BAnnouncements%2529&utm_term=feed","2021-04-22","9:57:00","investegate.co.uk","InvestEgate, Company Announcements","eng","GridGain Systems : GridGain Partners with Intel on Native Support for Intel&#174; Optane&#8482; Persistent Memory 200 Series Combined with Vectorized Computation","Optimizations for Intel solutions in upcoming releases of GridGain In-Memory Computing Platform will enable performance increases of up to 100x for high-performance computing, analytics and machine learning workloads FOSTER CITY, Calif., April 22, 2021 (GLOBE NEWSWIRE) -- GridGain Systems, provider ..."
"6530779107","https://finance.yahoo.com/news/gridgain-partners-intel-native-support-070000181.html","2021-04-22","8:02:00","finance.yahoo.com","Yahoo Finance","eng","GridGain Partners with Intel on Native Support for Intel¬Æ Optane‚Ñ¢ Persistent Memory 200 Series Combined with Vectorized Computation","Optimizations for Intel solutions in upcoming releases of GridGain In-Memory Computing Platform will enable performance increases of up to 100x for high-performance computing, analytics and machine learning workloads FOSTER CITY, Calif., April 22, 2021 (GLOBE NEWSWIRE) -- GridGain Systems, provider ..."
"6530747364","https://forextv.com/top-news/gridgain-partners-with-intel-on-native-support-for-intel-optane-persistent-memory-200-series-combined-with-vectorized-computation/","2021-04-22","7:35:00","forextv.com","ForexTV Analytics","eng","GridGain Partners with Intel on Native Support for Intel¬Æ Optane‚Ñ¢ Persistent Memory 200 Series Combined with Vectorized Computation","Optimizations for Intel solutions in upcoming releases of GridGain In-Memory Computing Platform will enable performance increases of up to 100x for high-performance computing, analytics and machine learning workloads FOSTER CITY, Calif., April 22, 2021 (GLOBE NEWSWIRE) -- GridGain Systems, provider ..."
"6530710305","https://neighborwebsj.com/uncategorized/5816469/big-data-analytics-in-defense-and-aerospace-a-market-worth-observing-growth-accenture-amazon-century-link-cisco-systems/","2021-04-22","7:04:00","neighborwebsj.com","neighborwebsj.com","eng","Big Data Analytics In Defense and Aerospace- a Market Worth Observing Growth: Accenture, Amazon, Century Link, Cisco Systems - NeighborWebSJ - NeighborWebSJ","Latest Study on Industrial Growth of Global Big Data Analytics In Defense and Aerospace Market 2019-2025. A detailed study accumulated to offer Latest insights about acute features of the Big Data Analytics In Defense and Aerospace market. The report contains different market predictions related to ..."
"6520966793","https://www.rediff.com/getahead/report/ten-hot-careers-for-it-grads/20210415.htm","2021-04-15","8:39:00","rediff.com","Rediff.com India Ltd.","eng","10 HOT careers for IT grads","Engineering graduates specialising in artificial intelligence and machine learning can earn up to ‚Çπ24 lakh a year, says Saravanan Balasundaram, founder and CEO, HanDigital, a talent consulting firm. Kindly note the image has been posted only for representational purposes. Photograph: Jagadeesh ..."
"6530723016","https://www.marketscreener.com//news/latest/GridGain-Partners-with-Intel-on-Native-Support-for-Intel-Optane-trade-Persistent-Memory-200-Series--33032914/","2021-04-22","7:15:00","marketscreener.com","Market Screener","eng","GridGain Partners with Intel on Native Support for Intel¬Æ Optane‚Ñ¢ Persistent Memory 200 Series Combined with Vectorized Computation","FOSTER CITY, Calif., April 22, 2021 (GLOBE NEWSWIRE) -- GridGain¬Æ Systems, provider of enterprise-grade in-memory computing solutions powered by the Apache¬Æ Ignite¬Æ distributed database, today announced it is partnering with Intel to deliver the industry's first in-memory computing platform to ..."
"6523513194","https://fnbherald.com/2021/04/16/graph-database-market-2019-swot-analysis-by-top-key-players-aws-oracle-ibm-mongodb-neo4j-microsoft-and-others/","2021-04-16","23:05:00","fnbherald.com","fnbherald.com","eng","Graph Database Market 2019 SWOT Analysis by TOP Key Players-AWS, Oracle, IBM, MongoDB, Neo4j, Microsoft, and Others","Graph Database Market report outlines the evolution of Graph Database industry by type and applications and identifies and assesses the best performing vendors in the market to 2025. This report also presents the revenue opportunities in the Graph Database market through to 2024, highlighting the ..."
"6503663239","https://www.newswinters.com/uncategorized/116620/graph-database-market-size-and-forecast-2020-2026-with-post-impact-of-covid-19/","2021-04-02","19:49:00","newswinters.com","newswinters.com","eng","Graph Database Market Size And Forecast (2020-2026)| With Post Impact Of Covid-19","Announcement of a new business intelligence Graph Database Market report has been recently made following in-depth primary and secondary research inputs compiled by seasoned researchers which have been systematically validated and compiled. This report is a must-have investment for various market ..."
"6500674733","https://fnbherald.com/2021/03/31/graph-database-market-is-dazzling-worldwidetriagensarango-db-neo4j/","2021-03-31","19:38:00","fnbherald.com","fnbherald.com","eng","Graph Database Market is Dazzling Worldwide|triAGENS(Arango DB), Neo4j","Latest released 2020 version of market study on Global Graph Database Market with 101+ market data Tables, Pie Chat, Graphs & Figures spread through Pages and easy to understand in depth analysis. "" Global Graph Database Market by Type (, Services & Software), by End-Users/Application (Application ..."
"6500555128","https://ksusentinel.com/2021/03/31/global-graph-database-market-impressive-growth-2021-arangodb-kompass-uk-ltd-sparsity-technologies-objectivity-inc-teradata-mongodb-inc-and-more/","2021-03-31","17:51:00","ksusentinel.com","KSU | The Sentinel Newspaper","eng","Global  Graph Database Market Impressive Growth 2021 | ArangoDB, Kompass (UK) Ltd, Sparsity Technologies, Objectivity Inc., Teradata, MongoDB, Inc and More - KSU | The Sentinel Newspaper","Global Graph Database Market covering key business segments and wide scope geographies to get deep dive analysed market data. Global Graph Database Market Report gives the definite Study of the major Graph Database industry driving professionals alongside the organization profiles and systems ..."
"6526621942","https://telecoms.com/intelligence/the-telecoms-data-imperative-the-covid-effect-on-the-pace-of-change-to-digital-transformation/","2021-04-19","14:24:00","telecoms.com","Telecoms.com","eng","The Telecoms Data Imperative - The COVID Effect on the Pace of Change to Digital Transformation","While many things slowed down for businesses during the pandemic, digital transformation was not one of them. A McKinsey Global Survey of executives finds, for example, that companies accelerated the digitization of their customer and supply-chain interactions by three to four years and the share of ..."
"6517680018","https://heraldkeeper.com/market/global-covid-19-outbreak-gpu-database-industry-market-overview-size-share-and-trends-2021-822263.html","2021-04-13","7:01:00","heraldkeeper.com","Herald Keeper","eng","Global COVID-19 Outbreak-GPU Database Industry Market Overview, Size, Share and Trends 2021","Under COVID-19 outbreak globally, this report provides 360 degrees of analysis from supply chain, import and export control to regional government policy and future influence on the industry. Detailed analysis about market status (2015-2020), enterprise competition pattern, advantages and ..."
"6514616581","https://www.geeksforgeeks.org/12-backend-development-tools-for-web-developers/","2021-04-10","20:51:00","geeksforgeeks.org","GeeksforGeeks","eng","12 Backend Development Tools For Web Developers - GeeksforGeeks","While Frontend Web Development is concerned with the designing of the user interface of the website using web technologies like HTML, CSS, JavaScript, etc. - Backend Web Development (or you can say Server-Side Development) is responsible for the appropriate functioning of the website. In simple ..."
"6513353119","https://www.techrepublic.com/article/graphs-quantum-computing-and-their-future-roles-in-analytics/","2021-04-09","18:44:00","techrepublic.com","TechRepublic","eng","Graphs, quantum computing and their future roles in analytics","A graph is a collection of points, called vertices, and lines between those points, are called edges. Graphs are used in mathematics, engineering and computer science, and they are growing as a technology in IT analytics. ""Graphs can be much more flexible than other [artificial intelligence] ..."
"6506465186","https://www.infoworld.com/article/3613592/data-lineage-what-it-is-and-why-its-important.html","2021-04-05","10:07:00","infoworld.com","InfoWorld","eng","Data lineage: What it is and why it's important","As your data evolves, you need a way to track the who, what, when, why, and how of those changes. You need a data lineage system. Databases are good at inserting, updating, querying, and deleting data and representing the data's current state. Developers rely on data consistency so APIs can perform ..."
"6499284420","https://solutionsreview.com/data-management/best-linkedin-learning-big-data-courses/","2021-03-31","0:20:00","solutionsreview.com","SolutionsReview","eng","The 14 Best LinkedIn Learning Big Data Courses for 2021 (Top-Rated)","The editors at Solutions Review have compiled this list of the best LinkedIn Learning big data courses (top-rated) to consider taking. Big data skills are in high demand among organizations that are looking to use their collected data to generate valuable business insight. The pandemic and ..."
"6528412284","https://www.dbta.com/Editorial/News-Flashes/Redis-Labs-Unveils-the-Future-of-Redis-as-a-Real-Time-Data-Platform-146410.aspx","2021-04-20","17:29:00","dbta.com","DBTA Magazine","eng","Redis Labs Unveils the Future of Redis as a Real-Time Data Platform","Redis Labs is sharing its view of the future of Redis as a real-time data platform, transforming the way applications are built, deployed, and run to allow companies to reimagine the digital experiences they deliver to their customers. The company is adding strong consistency, integrated data ..."
"6497589388","http://www.thedrum.com/jobs/details/237961/Lead%20.NET%20Developer%20(Full%20Stack)%20-%20.C","2021-03-29","22:56:00","thedrum.com","The Drum","eng","Lead .NET Developer (Full Stack) - .C#, MVC, React, Azure in London","Category: Digital, E-Commerce, Mobile/App, Project Management, Public Relations/Communications, Social Media, User Experience, Web Development/Technical, Web Trafficking | Lead .NET Developer (Full Stack) - .C#, MVC, React, Azure My client are looking for a Lead Developer to join their exciting ..."